Trial,Color,Cosine Similarity
baseline,blue,1
1,red,0.7880362272262573
2,red,0.7360613346099854
3,red,0.8020989894866943
4,red,0.8448790311813354
5,red,0.8169149160385132
6,red,0.7888230681419373
7,red,0.8521190285682678
8,red,0.7667816281318665
9,red,0.8609803915023804
10,red,0.8706651926040649
