Trial,Color,Cosine Similarity
baseline,blue,1
1,red,0.7946354746818542
2,blue,0.820033073425293
3,red,0.7806541919708252
4,red,0.7747179269790649
5,red,0.8630380630493164
6,red,0.7771207094192505
7,blue,0.854983389377594
8,red,0.8366811275482178
9,red,0.7760671377182007
10,blue,0.848300576210022
