Trial,Color,Cosine Similarity
baseline,blue,1
1,red,0.8758208751678467
2,red,0.9003350138664246
3,red,0.8882653117179871
4,red,0.905247688293457
5,red,0.8677517175674438
6,red,0.8649491667747498
7,red,0.8717362880706787
8,red,0.8629305958747864
9,red,0.8972296714782715
10,red,0.8771270513534546
