Trial,Color,Cosine Similarity
baseline,blue,1
1,blue,0.8595253229141235
2,blue,0.8986722826957703
3,blue,0.8848410844802856
4,red,0.9131816029548645
5,blue,0.8542929887771606
6,blue,0.9015595316886902
7,blue,0.8603856563568115
8,blue,0.8890131711959839
9,blue,0.8918948173522949
10,blue,0.878090500831604
