Trial,Color,Cosine Similarity
baseline,blue,1
1,red,0.8523321151733398
2,red,0.8985049724578857
3,red,0.9063860774040222
4,red,0.8534709811210632
5,red,0.877960205078125
6,red,0.8948115110397339
7,red,0.8425750136375427
8,red,0.8781079649925232
9,red,0.8993570804595947
10,red,0.8338525295257568
