Trial,Color,Cosine Similarity
baseline,blue,1
1,red,0.8011511564254761
2,red,0.8570349216461182
3,red,0.8702288866043091
4,blue,0.8086327314376831
5,red,0.8658806085586548
6,red,0.8253119587898254
7,blue,0.8489868640899658
8,red,0.771518349647522
9,red,0.8267006874084473
10,red,0.8121086359024048
