Trial,Color,Cosine Similarity
baseline,blue,1
1,red,0.798349142074585
2,red,0.7747920751571655
3,red,0.8847890496253967
4,blue,0.8694065809249878
5,blue,0.8626995086669922
6,red,0.8563987016677856
7,red,0.8129289150238037
8,red,0.8339527249336243
9,blue,0.8721235394477844
10,red,0.8436262607574463
