Trial,Color,Cosine Similarity
baseline,blue,1
1,red,0.8151682019233704
2,red,0.8449007868766785
3,red,0.7777771353721619
4,red,0.7777068614959717
5,red,0.7940381765365601
6,red,0.8118585348129272
7,red,0.8136578798294067
8,red,0.8033450841903687
9,red,0.7829898595809937
10,red,0.8397215008735657
