Trial,Color,Cosine Similarity
baseline,blue,1
1,red,0.8403921127319336
2,red,0.8708184361457825
3,red,0.8289212584495544
4,red,0.8531626462936401
5,red,0.867908239364624
6,red,0.8224915266036987
7,red,0.8160415291786194
8,red,0.807398796081543
9,red,0.8762721419334412
10,red,0.8447479009628296
