Trial,Color,Cosine Similarity
baseline,blue,1
1,red,0.8551681041717529
2,red,0.8589327931404114
3,red,0.7771337628364563
4,red,0.8316576480865479
5,red,0.8138703107833862
6,red,0.8239518404006958
7,red,0.8533340692520142
8,red,0.7864551544189453
9,red,0.8227671980857849
10,red,0.8432690501213074
