Trial,Color,Cosine Similarity
baseline,blue,1
1,red,0.8010071516036987
2,red,0.8014889359474182
3,red,0.8307629823684692
4,red,0.8061456084251404
5,red,0.8245381712913513
6,red,0.8261736631393433
7,red,0.8018509149551392
8,red,0.8491677045822144
9,red,0.7650308012962341
10,red,0.8196790218353271
