Trial,Color,Cosine Similarity
baseline,blue,1
1,red,0.8737059831619263
2,red,0.8500295281410217
3,red,0.846767008304596
4,red,0.8730700612068176
5,red,0.8519363403320312
6,red,0.8414472937583923
7,red,0.8728615045547485
8,red,0.8216938972473145
9,red,0.8477467894554138
10,red,0.8177481293678284
