Trial,Color,Cosine Similarity
baseline,blue,1
1,red,0.8049241304397583
2,red,0.8695200681686401
3,red,0.856237530708313
4,red,0.8217575550079346
5,red,0.8383529782295227
6,red,0.8430756330490112
7,red,0.8412607908248901
8,red,0.860233724117279
9,red,0.8595137596130371
10,red,0.8483620285987854
