Trial,Color,Cosine Similarity
baseline,blue,1
1,blue,0.8919064998626709
2,blue,0.8667216300964355
3,red,0.9073423147201538
4,blue,0.907263994216919
5,blue,0.8644397258758545
6,blue,0.8796362280845642
7,blue,0.8198358416557312
8,blue,0.8572039604187012
9,blue,0.8948724865913391
10,blue,0.8705397844314575
