Trial,Color,Cosine Similarity
baseline,blue,1
1,red,0.8307223320007324
2,red,0.8447120189666748
3,red,0.7792726755142212
4,red,0.8297513723373413
5,red,0.8094905018806458
6,red,0.8056582808494568
7,red,0.8157069683074951
8,red,0.8147433996200562
9,red,0.7854297161102295
10,red,0.7999312877655029
