Trial,Color,Cosine Similarity
baseline,blue,1
1,red,0.8587960004806519
2,red,0.9092938899993896
3,red,0.823884129524231
4,red,0.768114447593689
5,red,0.7847779393196106
6,red,0.8339883685112
7,red,0.8561786413192749
8,red,0.8547132015228271
9,red,0.8054535984992981
10,red,0.8372452259063721
