Trial,Color,Cosine Similarity
baseline,blue,1
1,red,0.8054553866386414
2,red,0.8449529409408569
3,red,0.823937177658081
4,red,0.8027544021606445
5,red,0.8642913103103638
6,red,0.7729758024215698
7,red,0.8321817517280579
8,red,0.785736083984375
9,red,0.82464998960495
10,red,0.8500738143920898
