Trial,Color,Cosine Similarity
baseline,blue,1
1,blue,0.8824198842048645
2,blue,0.8969929814338684
3,blue,0.8532227873802185
4,blue,0.8366751670837402
5,blue,0.8477692604064941
6,blue,0.8480980396270752
7,blue,0.882560133934021
8,blue,0.8820960521697998
9,red,0.8562480211257935
10,blue,0.8599675893783569
