Trial,Color,Cosine Similarity
baseline,blue,1
1,red,0.8211680054664612
2,red,0.848781943321228
3,red,0.8410729765892029
4,red,0.8598355054855347
5,red,0.8605008125305176
6,red,0.8592243194580078
7,red,0.8484015464782715
8,red,0.8401209712028503
9,red,0.8518398404121399
10,red,0.828209638595581
