Trial,Color,Cosine Similarity
baseline,blue,1
1,blue,0.8364831209182739
2,blue,0.8620758056640625
3,red,0.8080130815505981
4,blue,0.8616219162940979
5,red,0.8317664265632629
6,blue,0.8693784475326538
7,red,0.8719722032546997
8,blue,0.8633109927177429
9,blue,0.8508989214897156
10,blue,0.8526067137718201
