Trial,Color,Cosine Similarity
baseline,blue,1
1,red,0.8589869737625122
2,red,0.803425669670105
3,red,0.824649453163147
4,red,0.8237247467041016
5,red,0.8240860104560852
6,red,0.8158494234085083
7,red,0.8383303880691528
8,red,0.8371394872665405
9,red,0.8135135769844055
10,red,0.835946798324585
